,Open,High,Low,Close,Volume
2026-08-25 19:00:00+00:00,8463.5,8473.0,8458.5,8471.5,596
2026-08-26 06:00:00+00:00,8470.5,8490.5,8469.5,8483.0,907
2026-08-26 07:00:00+00:00,8482.0,8504.0,8479.5,8502.5,5022
2026-08-26 08:00:00+00:00,8502.0,8503.0,8486.5,8490.5,3161
2026-08-26 09:00:00+00:00,8491.0,8499.0,8487.0,8492.0,1701
2026-08-26 10:00:00+00:00,8492.0,8497.5,8486.5,8487.5,1127
2026-08-26 11:00:00+00:00,8487.5,8506.0,8484.5,8503.5,1329
2026-08-26 12:00:00+00:00,8503.0,8521.0,8503.0,8509.5,3013
2026-08-26 13:00:00+00:00,8510.0,8519.0,8503.5,8510.0,3675
2026-08-26 14:00:00+00:00,8510.0,8515.0,8497.5,8498.0,2961
2026-08-26 15:00:00+00:00,8498.0,8504.0,8476.5,8480.0,3656
2026-08-26 16:00:00+00:00,8480.5,8480.5,8470.5,8476.0,629
2026-08-26 17:00:00+00:00,8476.5,8480.5,8475.5,8475.5,299
2026-08-26 18:00:00+00:00,8476.0,8476.0,8467.0,8469.5,576
2026-08-26 19:00:00+00:00,8470.0,8477.5,8470.0,8472.0,528
2026-08-27 06:00:00+00:00,8494.0,8495.0,8476.5,8483.0,1027
2026-08-27 07:00:00+00:00,8484.0,8484.0,8437.5,8448.5,4475
2026-08-27 08:00:00+00:00,8448.5,8455.0,8392.5,8396.0,4565
2026-08-27 09:00:00+00:00,8395.5,8413.5,8389.0,8394.5,2334
2026-08-27 10:00:00+00:00,8394.0,8395.0,8374.0,8385.0,2648
2026-08-27 11:00:00+00:00,8384.5,8402.0,8378.0,8399.0,2043
2026-08-27 12:00:00+00:00,8399.0,8399.0,8364.5,8365.5,1935
2026-08-27 13:00:00+00:00,8365.5,8367.5,8337.0,8339.5,5163
2026-08-27 14:00:00+00:00,8339.5,8343.5,8326.5,8337.5,4794
2026-08-27 15:00:00+00:00,8337.5,8342.0,8320.0,8341.0,7407
2026-08-27 16:00:00+00:00,8341.0,8343.0,8334.0,8341.5,634
2026-08-27 17:00:00+00:00,8342.0,8343.0,8338.0,8338.5,517
2026-08-27 18:00:00+00:00,8338.5,8349.0,8336.5,8348.0,700
2026-08-27 19:00:00+00:00,8348.0,8352.0,8340.5,8351.0,821
2026-08-28 06:00:00+00:00,8352.0,8390.0,8348.5,8390.0,1518
2026-08-28 07:00:00+00:00,8390.0,8430.5,8389.5,8410.0,9210
2026-08-28 08:00:00+00:00,8409.5,8428.5,8408.0,8421.5,3384
2026-08-28 09:00:00+00:00,8422.0,8427.5,8412.0,8419.0,2338
2026-08-28 10:00:00+00:00,8419.5,8421.0,8404.0,8404.5,2050
2026-08-28 11:00:00+00:00,8404.5,8419.0,8404.5,8413.5,1872
2026-08-28 12:00:00+00:00,8414.0,8424.0,8413.0,8421.0,2081
2026-08-28 13:00:00+00:00,8420.5,8429.5,8410.0,8410.0,3361
2026-08-28 14:00:00+00:00,8411.5,8437.0,8409.5,8432.0,4233
2026-08-28 15:00:00+00:00,8432.0,8436.0,8410.5,8412.5,7858
2026-08-28 16:00:00+00:00,8412.0,8419.0,8406.0,8415.5,1065
2026-08-28 17:00:00+00:00,8415.0,8419.0,8409.5,8417.0,534
2026-08-28 18:00:00+00:00,8416.5,8420.0,8411.0,8414.0,470
2026-08-28 19:00:00+00:00,8414.5,8419.0,8412.5,8414.5,527
2026-08-31 06:00:00+00:00,8422.0,8437.0,8402.0,8433.0,1001
2026-08-31 07:00:00+00:00,8432.5,8441.0,8416.0,8424.0,5062
2026-08-31 08:00:00+00:00,8424.0,8431.0,8415.5,8424.5,2643
2026-08-31 09:00:00+00:00,8423.5,8424.0,8411.0,8413.0,1633
2026-08-31 10:00:00+00:00,8413.0,8416.5,8401.0,8413.5,1539
2026-08-31 11:00:00+00:00,8414.0,8430.5,8414.0,8429.5,1422
2026-08-31 12:00:00+00:00,8429.5,8435.0,8415.0,8417.5,2366
2026-08-31 13:00:00+00:00,8417.0,8431.0,8390.5,8406.0,2576
2026-08-31 14:00:00+00:00,8406.5,8410.0,8368.5,8372.0,3083
2026-08-31 15:00:00+00:00,8371.5,8379.0,8339.0,8339.0,10388
2026-08-31 16:00:00+00:00,8339.5,8341.0,8329.5,8330.5,1169
2026-08-31 17:00:00+00:00,8329.5,8331.5,8319.5,8330.5,646
2026-08-31 18:00:00+00:00,8331.0,8333.5,8321.5,8327.0,720
2026-08-31 19:00:00+00:00,8327.0,8347.0,8324.0,8344.0,1074
2026-09-01 06:00:00+00:00,8361.0,8365.0,8352.5,8361.0,1738
2026-09-01 07:00:00+00:00,8361.0,8387.0,8351.5,8380.5,9099
2026-09-01 08:00:00+00:00,8381.0,8385.5,8312.5,8315.0,4080
2026-09-01 09:00:00+00:00,8315.0,8323.5,8302.0,8308.0,3330
2026-09-01 10:00:00+00:00,8309.0,8333.0,8307.0,8315.0,2590
2026-09-01 11:00:00+00:00,8315.0,8334.0,8309.5,8325.0,1845
2026-09-01 12:00:00+00:00,8325.0,8341.5,8321.0,8336.0,2026
2026-09-01 13:00:00+00:00,8337.0,8338.5,8312.0,8323.5,4147
2026-09-01 14:00:00+00:00,8321.0,8323.5,8290.5,8294.5,6146
2026-09-01 15:00:00+00:00,8294.5,8325.5,8294.0,8322.5,8998
2026-09-01 16:00:00+00:00,8322.5,8325.0,8298.0,8306.5,1127
2026-09-01 17:00:00+00:00,8306.0,8307.0,8295.5,8301.5,682
2026-09-01 18:00:00+00:00,8301.0,8302.5,8279.0,8288.5,689
2026-09-01 19:00:00+00:00,8288.5,8299.0,8288.0,8292.5,659
2026-09-02 06:00:00+00:00,8292.0,8310.0,8283.0,8306.0,1231
2026-09-02 07:00:00+00:00,8305.5,8319.0,8282.0,8287.0,5366
2026-09-02 08:00:00+00:00,8287.5,8297.5,8265.5,8267.0,2702
2026-09-02 09:00:00+00:00,8267.5,8277.0,8258.5,8265.5,3437
2026-09-02 10:00:00+00:00,8265.5,8267.5,8250.0,8261.0,2943
2026-09-02 11:00:00+00:00,8260.5,8306.0,8256.0,8306.0,2887
2026-09-02 12:00:00+00:00,8306.0,8314.5,8298.0,8300.5,2991
2026-09-02 13:00:00+00:00,8300.5,8318.0,8292.0,8308.0,3236
2026-09-02 14:00:00+00:00,8307.5,8320.0,8295.0,8296.5,3433
2026-09-02 15:00:00+00:00,8297.0,8300.5,8282.5,8286.0,5070
2026-09-02 16:00:00+00:00,8286.5,8292.0,8284.5,8290.0,649
2026-09-02 17:00:00+00:00,8290.5,8305.5,8289.5,8303.5,776
2026-09-02 18:00:00+00:00,8303.5,8307.5,8287.0,8288.5,784
2026-09-02 19:00:00+00:00,8289.0,8298.0,8286.5,8296.5,795
2026-09-03 06:00:00+00:00,8307.0,8307.0,8272.5,8284.5,1242
2026-09-03 07:00:00+00:00,8285.0,8294.0,8258.0,8266.5,5071
2026-09-03 08:00:00+00:00,8266.5,8295.5,8266.5,8280.5,3858
2026-09-03 09:00:00+00:00,8280.5,8288.0,8258.0,8258.5,1900
2026-09-03 10:00:00+00:00,8259.0,8271.5,8256.0,8264.5,2504
2026-09-03 11:00:00+00:00,8265.0,8279.0,8252.0,8255.5,5714
2026-09-03 12:00:00+00:00,8256.0,8291.0,8249.5,8287.0,3668
2026-09-03 13:00:00+00:00,8286.5,8296.0,8277.5,8291.0,2986
2026-09-03 14:00:00+00:00,8291.0,8291.0,8260.0,8280.5,2867
2026-09-03 15:00:00+00:00,8280.5,8297.5,8279.0,8290.0,5407
2026-09-03 16:00:00+00:00,8290.5,8294.0,8287.5,8291.5,628
2026-09-03 17:00:00+00:00,8291.5,8298.5,8288.5,8297.5,307
2026-09-03 18:00:00+00:00,8297.0,8299.5,8294.0,8296.5,265
2026-09-03 19:00:00+00:00,8297.0,8300.0,8291.5,8293.5,518
2026-09-04 06:00:00+00:00,8305.5,8305.5,8283.0,8287.5,1343
2026-09-04 07:00:00+00:00,8288.0,8306.5,8266.0,8294.5,5369
2026-09-04 08:00:00+00:00,8294.5,8298.5,8274.5,8290.0,2055
2026-09-04 09:00:00+00:00,8289.5,8298.0,8279.5,8286.5,1518
2026-09-04 10:00:00+00:00,8287.0,8293.5,8275.0,8282.0,1333
2026-09-04 11:00:00+00:00,8281.0,8290.5,8278.0,8287.0,1516
2026-09-04 12:00:00+00:00,8287.5,8298.0,8256.5,8277.0,2847
2026-09-04 13:00:00+00:00,8277.0,8302.5,8263.5,8292.0,3120
2026-09-04 14:00:00+00:00,8291.5,8302.5,8278.5,8285.5,2550
2026-09-04 15:00:00+00:00,8285.5,8297.0,8280.0,8294.5,4199
2026-09-04 16:00:00+00:00,8295.0,8304.5,8292.5,8295.0,805
2026-09-04 17:00:00+00:00,8296.0,8296.0,8281.0,8283.0,410
2026-09-04 18:00:00+00:00,8283.0,8288.0,8283.0,8284.5,290
2026-09-04 19:00:00+00:00,8284.5,8294.0,8279.5,8294.0,497
2026-09-07 06:00:00+00:00,8281.0,8287.0,8268.5,8285.5,827
2026-09-07 07:00:00+00:00,8285.5,8290.0,8263.0,8290.0,3096
2026-09-07 08:00:00+00:00,8290.5,8296.0,8279.0,8291.0,2062
2026-09-07 09:00:00+00:00,8290.5,8299.5,8287.0,8298.5,1337
2026-09-07 10:00:00+00:00,8298.5,8300.0,8282.5,8286.5,799
2026-09-07 11:00:00+00:00,8287.0,8293.5,8278.5,8289.5,1308
2026-09-07 12:00:00+00:00,8290.0,8310.5,8290.0,8304.5,1367
2026-09-07 13:00:00+00:00,8304.5,8325.0,8301.5,8324.5,1692
2026-09-07 14:00:00+00:00,8324.0,8327.0,8312.0,8313.0,1412
2026-09-07 15:00:00+00:00,8313.0,8317.0,8300.0,8301.0,2961
2026-09-07 16:00:00+00:00,8301.0,8306.0,8299.0,8303.5,444
2026-09-07 17:00:00+00:00,8303.5,8303.5,8300.0,8301.5,83
2026-09-07 18:00:00+00:00,8301.5,8302.5,8300.0,8300.0,29
2026-09-07 19:00:00+00:00,8301.0,8307.0,8300.5,8305.0,166
2026-09-08 06:00:00+00:00,8299.0,8299.0,8270.5,8283.0,1335
2026-09-08 07:00:00+00:00,8283.5,8300.5,8270.5,8276.5,5721
2026-09-08 08:00:00+00:00,8277.0,8286.0,8263.5,8276.5,3835
2026-09-08 09:00:00+00:00,8276.0,8302.0,8273.5,8299.0,2405
2026-09-08 10:00:00+00:00,8298.5,8317.5,8293.0,8303.0,3037
2026-09-08 11:00:00+00:00,8303.5,8321.5,8299.0,8317.0,1935
2026-09-08 12:00:00+00:00,8317.5,8320.0,8302.5,8309.0,2128
2026-09-08 13:00:00+00:00,8309.5,8321.0,8305.0,8312.5,2504
2026-09-08 14:00:00+00:00,8312.5,8315.0,8291.0,8313.0,2268
2026-09-08 15:00:00+00:00,8313.0,8330.0,8312.0,8313.5,5530
2026-09-08 16:00:00+00:00,8314.0,8314.5,8302.0,8306.5,802
2026-09-08 17:00:00+00:00,8307.5,8312.0,8299.5,8305.0,405
2026-09-08 18:00:00+00:00,8304.5,8309.5,8288.0,8290.5,527
2026-09-08 19:00:00+00:00,8291.5,8292.5,8269.5,8273.5,880
2026-09-09 06:00:00+00:00,8285.0,8289.0,8267.5,8269.0,1174
2026-09-09 07:00:00+00:00,8269.5,8283.0,8250.0,8256.5,6350
2026-09-09 08:00:00+00:00,8256.5,8261.5,8236.5,8240.0,3110
2026-09-09 09:00:00+00:00,8240.5,8244.5,8205.0,8207.5,3790
2026-09-09 10:00:00+00:00,8207.5,8210.0,8165.5,8168.0,4101
2026-09-09 11:00:00+00:00,8168.0,8177.5,8154.0,8158.0,4004
2026-09-09 12:00:00+00:00,8158.0,8198.5,8147.0,8198.5,3133
2026-09-09 13:00:00+00:00,8199.0,8209.0,8184.0,8194.5,3713
2026-09-09 14:00:00+00:00,8195.0,8198.0,8154.5,8164.5,4201
2026-09-09 15:00:00+00:00,8164.0,8175.5,8152.0,8158.0,10648
2026-09-09 16:00:00+00:00,8157.0,8161.0,8132.0,8152.5,2687
2026-09-09 17:00:00+00:00,8152.5,8160.5,8148.5,8157.0,712
2026-09-09 18:00:00+00:00,8155.5,8160.0,8151.0,8158.0,539
2026-09-09 19:00:00+00:00,8158.0,8162.5,8153.0,8158.0,831
2026-09-10 06:00:00+00:00,8171.5,8186.5,8167.0,8181.5,1324
2026-09-10 07:00:00+00:00,8182.5,8196.5,8168.5,8177.5,6564
2026-09-10 08:00:00+00:00,8177.0,8186.0,8166.0,8168.5,3047
2026-09-10 09:00:00+00:00,8169.0,8177.5,8162.0,8175.0,2496
2026-09-10 10:00:00+00:00,8175.0,8190.0,8172.0,8178.5,2594
2026-09-10 11:00:00+00:00,8178.0,8183.0,8162.0,8162.0,2069
2026-09-10 12:00:00+00:00,8161.5,8166.0,8119.5,8133.5,6534
2026-09-10 13:00:00+00:00,8134.0,8150.0,8120.0,8121.0,4989
2026-09-10 14:00:00+00:00,8121.5,8154.5,8119.0,8126.5,4085
2026-09-10 15:00:00+00:00,8126.5,8130.0,8116.0,8120.0,6763
2026-09-10 16:00:00+00:00,8120.5,8127.0,8112.5,8125.0,1757
2026-09-10 17:00:00+00:00,8125.0,8131.0,8114.0,8117.0,764
2026-09-10 18:00:00+00:00,8117.5,8120.0,8108.5,8115.0,599
2026-09-10 19:00:00+00:00,8115.0,8119.0,8108.0,8119.0,1164
2026-09-11 06:00:00+00:00,8141.0,8169.5,8129.0,8164.0,1857
2026-09-11 07:00:00+00:00,8164.5,8173.5,8147.0,8155.5,6257
2026-09-11 08:00:00+00:00,8156.5,8172.5,8143.5,8169.0,3835
2026-09-11 09:00:00+00:00,8170.0,8173.5,8157.5,8165.0,4852
2026-09-11 10:00:00+00:00,8165.5,8177.0,8156.0,8170.0,1918
2026-09-11 11:00:00+00:00,8170.5,8176.0,8166.5,8170.5,1408
2026-09-11 12:00:00+00:00,8170.0,8208.5,8155.5,8208.0,3790
2026-09-11 13:00:00+00:00,8208.5,8213.0,8188.0,8206.5,5887
2026-09-11 14:00:00+00:00,8207.0,8207.0,8167.0,8175.0,5094
2026-09-11 15:00:00+00:00,8175.0,8188.5,8172.5,8178.0,6852
2026-09-11 16:00:00+00:00,8179.0,8190.0,8175.0,8189.0,968
2026-09-11 17:00:00+00:00,8188.0,8193.0,8184.5,8186.5,347
2026-09-11 18:00:00+00:00,8185.0,8187.5,8176.0,8176.0,481
2026-09-11 19:00:00+00:00,8176.5,8182.0,8174.5,8177.0,648
2026-09-14 06:00:00+00:00,8164.0,8173.0,8145.0,8145.0,1834
2026-09-14 07:00:00+00:00,8145.0,8169.0,8124.5,8140.5,7329
2026-09-14 08:00:00+00:00,8141.0,8149.0,8118.5,8130.0,3610
2026-09-14 09:00:00+00:00,8130.5,8131.0,8106.5,8126.0,4131
2026-09-14 10:00:00+00:00,8126.5,8135.5,8116.5,8132.5,1951
2026-09-14 11:00:00+00:00,8132.0,8135.0,8120.0,8123.0,1867
2026-09-14 12:00:00+00:00,8122.5,8125.5,8099.5,8115.5,3210
2026-09-14 13:00:00+00:00,8115.0,8130.5,8104.0,8118.0,3627
2026-09-14 14:00:00+00:00,8117.5,8126.5,8090.5,8094.0,3496
2026-09-14 15:00:00+00:00,8094.5,8152.0,8092.0,8147.0,9991
2026-09-14 16:00:00+00:00,8146.0,8168.0,8140.5,8163.0,1846
2026-09-14 17:00:00+00:00,8162.5,8163.0,8150.0,8158.0,675
2026-09-14 18:00:00+00:00,8157.5,8164.5,8154.5,8160.5,590
2026-09-14 19:00:00+00:00,8161.5,8161.5,8137.0,8137.0,992
2026-09-15 06:00:00+00:00,8118.0,8125.5,8099.0,8099.0,1549
2026-09-15 07:00:00+00:00,8099.0,8099.0,8038.0,8050.0,7557
2026-09-15 08:00:00+00:00,8049.5,8067.0,8035.0,8061.5,3380
2026-09-15 09:00:00+00:00,8061.5,8089.5,8046.5,8089.5,3292
2026-09-15 10:00:00+00:00,8089.0,8108.5,8083.0,8107.5,2228
2026-09-15 11:00:00+00:00,8107.0,8111.5,8098.5,8110.5,1317
2026-09-15 12:00:00+00:00,8110.0,8115.0,8096.5,8110.0,2474
2026-09-15 13:00:00+00:00,8109.5,8115.5,8088.5,8102.0,2292
2026-09-15 14:00:00+00:00,8101.5,8106.5,8076.0,8085.0,3465
2026-09-15 15:00:00+00:00,8086.0,8110.0,8081.5,8101.0,4986
2026-09-15 16:00:00+00:00,8100.0,8112.5,8096.5,8111.0,705
2026-09-15 17:00:00+00:00,8111.0,8111.5,8102.5,8111.0,482
2026-09-15 18:00:00+00:00,8110.5,8115.0,8104.0,8111.5,523
2026-09-15 19:00:00+00:00,8112.0,8113.0,8101.5,8107.0,784
2026-09-16 06:00:00+00:00,8116.5,8121.0,8111.5,8111.5,1157
2026-09-16 07:00:00+00:00,8112.0,8125.5,8105.5,8108.0,3384
2026-09-16 08:00:00+00:00,8107.5,8110.5,8089.5,8107.0,2127
2026-09-16 09:00:00+00:00,8106.5,8121.0,8097.5,8117.5,1488
2026-09-16 10:00:00+00:00,8118.5,8140.0,8110.0,8140.0,1240
2026-09-16 11:00:00+00:00,8140.0,8146.0,8131.5,8143.0,2262
2026-09-16 12:00:00+00:00,8143.5,8145.5,8128.0,8142.5,1277
2026-09-16 13:00:00+00:00,8142.5,8145.5,8123.5,8133.0,1978
2026-09-16 14:00:00+00:00,8132.5,8144.5,8129.0,8142.5,1964
2026-09-16 15:00:00+00:00,8142.0,8169.0,8134.5,8145.5,6874
2026-09-16 16:00:00+00:00,8145.5,8148.5,8135.0,8142.0,904
2026-09-16 17:00:00+00:00,8142.0,8151.0,8137.5,8151.0,436
2026-09-16 18:00:00+00:00,8149.0,8166.5,8119.5,8119.5,1356
2026-09-16 19:00:00+00:00,8120.5,8146.0,8089.0,8134.0,1779
2026-09-17 06:00:00+00:00,8156.0,8175.0,8153.0,8172.5,970
2026-09-17 07:00:00+00:00,8172.5,8191.5,8156.0,8156.5,3603
2026-09-17 08:00:00+00:00,8156.5,8166.5,8141.5,8162.0,1321
2026-09-17 09:00:00+00:00,8162.0,8168.5,8152.5,8158.5,804
2026-09-17 10:00:00+00:00,8159.0,8164.5,8151.0,8164.0,731
2026-09-17 11:00:00+00:00,8163.5,8179.5,8161.5,8179.0,1212
2026-09-17 12:00:00+00:00,8178.5,8212.0,8172.5,8197.0,2388
2026-09-17 13:00:00+00:00,8197.0,8209.0,8179.5,8200.5,1514
2026-09-17 14:00:00+00:00,8201.0,8201.5,8185.5,8190.0,1105
2026-09-17 15:00:00+00:00,8190.0,8198.0,8181.0,8186.5,2591
2026-09-17 16:00:00+00:00,8187.5,8189.0,8162.5,8169.0,412
2026-09-17 17:00:00+00:00,8169.5,8172.5,8162.0,8164.5,87
2026-09-17 18:00:00+00:00,8163.0,8165.0,8160.0,8163.0,23
2026-09-17 19:00:00+00:00,8164.0,8170.5,8150.5,8158.0,281
2026-09-18 06:00:00+00:00,8164.0,8167.5,8147.0,8151.5,1105
2026-09-18 07:00:00+00:00,8151.5,8152.5,8124.5,8138.5,6625
2026-09-18 08:00:00+00:00,8138.5,8138.5,8116.0,8130.5,3974
2026-09-18 09:00:00+00:00,8130.5,8136.0,8117.0,8119.0,5065
2026-09-18 10:00:00+00:00,8119.0,8125.0,8109.5,8114.0,2830
2026-09-18 11:00:00+00:00,8113.5,8123.0,8088.0,8089.5,4552
2026-09-18 12:00:00+00:00,8089.5,8093.0,8066.5,8078.5,3413
2026-09-18 13:00:00+00:00,8077.0,8080.0,8038.5,8040.0,6097
2026-09-18 14:00:00+00:00,8040.0,8064.5,8036.5,8048.0,4823
2026-09-18 15:00:00+00:00,8048.0,8059.0,8039.0,8050.0,10950
2026-09-18 16:00:00+00:00,8050.0,8052.0,8039.5,8049.0,1230
2026-09-18 17:00:00+00:00,8048.5,8049.0,8044.5,8048.5,421
2026-09-18 18:00:00+00:00,8048.5,8049.5,8040.0,8044.0,1348
2026-09-18 19:00:00+00:00,8044.5,8054.5,8041.0,8046.0,1425
2026-09-21 06:00:00+00:00,8075.5,8109.5,8075.5,8105.0,1581
2026-09-21 07:00:00+00:00,8104.5,8117.0,8093.0,8098.5,5123
2026-09-21 08:00:00+00:00,8098.5,8128.5,8098.0,8123.5,2466
2026-09-21 09:00:00+00:00,8123.0,8137.5,8119.5,8137.0,1578
2026-09-21 10:00:00+00:00,8136.5,8138.5,8128.5,8128.5,1711
2026-09-21 11:00:00+00:00,8129.5,8140.0,8127.5,8135.0,1726
2026-09-21 12:00:00+00:00,8134.5,8143.0,8129.5,8136.5,1937
2026-09-21 13:00:00+00:00,8136.0,8142.5,8110.0,8114.0,2855
2026-09-21 14:00:00+00:00,8114.0,8133.5,8107.0,8131.0,2658
2026-09-21 15:00:00+00:00,8130.5,8146.5,8127.0,8129.5,6774
2026-09-21 16:00:00+00:00,8129.0,8145.5,8128.5,8143.5,1033
2026-09-21 17:00:00+00:00,8145.0,8145.0,8136.0,8139.5,390
2026-09-21 18:00:00+00:00,8140.0,8151.0,8139.5,8150.0,440
2026-09-21 19:00:00+00:00,8150.0,8154.5,8140.0,8140.5,945
2026-09-22 06:00:00+00:00,8137.5,8138.5,8124.0,8136.0,1015
2026-09-22 07:00:00+00:00,8137.0,8155.0,8116.5,8120.0,5455
2026-09-22 08:00:00+00:00,8120.5,8165.5,8107.0,8150.0,3960
2026-09-22 09:00:00+00:00,8149.5,8177.5,8135.5,8175.0,5184
2026-09-22 10:00:00+00:00,8174.5,8183.5,8165.5,8175.5,2709
2026-09-22 11:00:00+00:00,8176.0,8182.0,8159.0,8159.5,2136
2026-09-22 12:00:00+00:00,8159.0,8183.0,8159.0,8174.5,1560
2026-09-22 13:00:00+00:00,8174.5,8189.0,8156.5,8168.5,2986
2026-09-22 14:00:00+00:00,8169.0,8173.0,8143.5,8151.5,4547
2026-09-22 15:00:00+00:00,8151.0,8156.5,8138.5,8148.5,4430
2026-09-22 16:00:00+00:00,8148.5,8164.5,8146.5,8157.5,931
2026-09-22 17:00:00+00:00,8156.5,8170.0,8146.5,8168.0,925
2026-09-22 18:00:00+00:00,8169.0,8172.5,8163.0,8167.5,538
2026-09-22 19:00:00+00:00,8167.5,8182.0,8165.0,8171.5,994
2026-09-23 06:00:00+00:00,8173.5,8184.0,8164.0,8164.0,1001
2026-09-23 07:00:00+00:00,8165.0,8190.5,8163.5,8182.0,5327
2026-09-23 08:00:00+00:00,8182.5,8183.5,8146.5,8153.0,2083
2026-09-23 09:00:00+00:00,8153.5,8154.0,8132.5,8140.0,1611
2026-09-23 10:00:00+00:00,8139.5,8143.0,8129.0,8132.0,1094
2026-09-23 11:00:00+00:00,8131.0,8134.0,8114.0,8126.0,2056
2026-09-23 12:00:00+00:00,8126.5,8128.5,8110.5,8126.5,2082
2026-09-23 13:00:00+00:00,8126.5,8126.5,8101.0,8112.0,3404
2026-09-23 14:00:00+00:00,8113.5,8140.0,8102.0,8119.0,4705
2026-09-23 15:00:00+00:00,8118.5,8125.0,8104.0,8108.0,5056
2026-09-23 16:00:00+00:00,8108.0,8108.0,8066.5,8068.5,1600
2026-09-23 17:00:00+00:00,8069.5,8104.5,8069.5,8102.5,1166
2026-09-23 18:00:00+00:00,8102.0,8106.0,8094.5,8105.5,471
2026-09-23 19:00:00+00:00,8105.5,8106.0,8095.0,8100.5,747
2026-09-24 06:00:00+00:00,8073.5,8098.0,8072.0,8089.5,1461
2026-09-24 07:00:00+00:00,8090.5,8118.0,8080.5,8092.0,4788
2026-09-24 08:00:00+00:00,8092.5,8097.0,8049.5,8063.0,5235
2026-09-24 09:00:00+00:00,8064.0,8089.0,8063.0,8089.0,2489
2026-09-24 10:00:00+00:00,8086.5,8111.0,8080.0,8109.0,2175
2026-09-24 11:00:00+00:00,8109.0,8119.5,8090.5,8110.0,2644
2026-09-24 12:00:00+00:00,8109.5,8112.5,8089.5,8099.5,2420
2026-09-24 13:00:00+00:00,8100.0,8115.0,8095.0,8114.5,926
